[ {
  "orderNo" : "6EAECA0F",
  "orderStatus" : "INVALID",
  "orderValidationCode" : "CARD_NUMBER_INVALID",
  "costInPence" : 2400
}, {
  "orderNo" : "3788C49D",
  "orderStatus" : "INVALID",
  "orderValidationCode" : "EXPIRY_DATE_INVALID",
  "costInPence" : 2400
}, {
  "orderNo" : "676E47C3",
  "orderStatus" : "INVALID",
  "orderValidationCode" : "CVV_INVALID",
  "costInPence" : 2400
}, {
  "orderNo" : "0A45466D",
  "orderStatus" : "INVALID",
  "orderValidationCode" : "TOTAL_INCORRECT",
  "costInPence" : 3398
}, {
  "orderNo" : "57F1EA87",
  "orderStatus" : "INVALID",
  "orderValidationCode" : "PIZZA_NOT_DEFINED",
  "costInPence" : 498705480
}, {
  "orderNo" : "21DF8668",
  "orderStatus" : "INVALID",
  "orderValidationCode" : "MAX_PIZZA_COUNT_EXCEEDED",
  "costInPence" : 8200
}, {
  "orderNo" : "22178F41",
  "orderStatus" : "INVALID",
  "orderValidationCode" : "PIZZA_FROM_MULTIPLE_RESTAURANTS",
  "costInPence" : 4000
}, {
  "orderNo" : "37BD18C8",
  "orderStatus" : "INVALID",
  "orderValidationCode" : "RESTAURANT_CLOSED",
  "costInPence" : 1100
}, {
  "orderNo" : "31B4A08B",
  "orderStatus" : "DELIVERED",
  "orderValidationCode" : "NO_ERROR",
  "costInPence" : 2600
}, {
  "orderNo" : "0937DBD9",
  "orderStatus" : "DELIVERED",
  "orderValidationCode" : "NO_ERROR",
  "costInPence" : 2400
}, {
  "orderNo" : "15C0F39C",
  "orderStatus" : "DELIVERED",
  "orderValidationCode" : "NO_ERROR",
  "costInPence" : 2400
}, {
  "orderNo" : "3BD8AAC0",
  "orderStatus" : "DELIVERED",
  "orderValidationCode" : "NO_ERROR",
  "costInPence" : 2400
}, {
  "orderNo" : "0E1F7D4A",
  "orderStatus" : "DELIVERED",
  "orderValidationCode" : "NO_ERROR",
  "costInPence" : 2600
}, {
  "orderNo" : "538D7E82",
  "orderStatus" : "DELIVERED",
  "orderValidationCode" : "NO_ERROR",
  "costInPence" : 2400
}, {
  "orderNo" : "06E0A9F4",
  "orderStatus" : "DELIVERED",
  "orderValidationCode" : "NO_ERROR",
  "costInPence" : 2400
}, {
  "orderNo" : "3F166B42",
  "orderStatus" : "DELIVERED",
  "orderValidationCode" : "NO_ERROR",
  "costInPence" : 2400
}, {
  "orderNo" : "0D834A1D",
  "orderStatus" : "DELIVERED",
  "orderValidationCode" : "NO_ERROR",
  "costInPence" : 2600
}, {
  "orderNo" : "4A730114",
  "orderStatus" : "DELIVERED",
  "orderValidationCode" : "NO_ERROR",
  "costInPence" : 2400
}, {
  "orderNo" : "4C14E4FD",
  "orderStatus" : "DELIVERED",
  "orderValidationCode" : "NO_ERROR",
  "costInPence" : 2400
}, {
  "orderNo" : "4160685C",
  "orderStatus" : "DELIVERED",
  "orderValidationCode" : "NO_ERROR",
  "costInPence" : 2400
}, {
  "orderNo" : "65D2A540",
  "orderStatus" : "DELIVERED",
  "orderValidationCode" : "NO_ERROR",
  "costInPence" : 2600
}, {
  "orderNo" : "52A60A4D",
  "orderStatus" : "DELIVERED",
  "orderValidationCode" : "NO_ERROR",
  "costInPence" : 2400
}, {
  "orderNo" : "0A807FDF",
  "orderStatus" : "DELIVERED",
  "orderValidationCode" : "NO_ERROR",
  "costInPence" : 2400
}, {
  "orderNo" : "6F4F3C19",
  "orderStatus" : "DELIVERED",
  "orderValidationCode" : "NO_ERROR",
  "costInPence" : 2400
}, {
  "orderNo" : "1FD63331",
  "orderStatus" : "DELIVERED",
  "orderValidationCode" : "NO_ERROR",
  "costInPence" : 2600
}, {
  "orderNo" : "68904EE6",
  "orderStatus" : "DELIVERED",
  "orderValidationCode" : "NO_ERROR",
  "costInPence" : 2400
}, {
  "orderNo" : "36CC73FC",
  "orderStatus" : "DELIVERED",
  "orderValidationCode" : "NO_ERROR",
  "costInPence" : 2400
}, {
  "orderNo" : "1495A896",
  "orderStatus" : "DELIVERED",
  "orderValidationCode" : "NO_ERROR",
  "costInPence" : 2400
}, {
  "orderNo" : "2C84975D",
  "orderStatus" : "DELIVERED",
  "orderValidationCode" : "NO_ERROR",
  "costInPence" : 2600
}, {
  "orderNo" : "600D9559",
  "orderStatus" : "DELIVERED",
  "orderValidationCode" : "NO_ERROR",
  "costInPence" : 2400
}, {
  "orderNo" : "6F1C9830",
  "orderStatus" : "DELIVERED",
  "orderValidationCode" : "NO_ERROR",
  "costInPence" : 2400
}, {
  "orderNo" : "506CD376",
  "orderStatus" : "DELIVERED",
  "orderValidationCode" : "NO_ERROR",
  "costInPence" : 2400
}, {
  "orderNo" : "1A8E09CE",
  "orderStatus" : "DELIVERED",
  "orderValidationCode" : "NO_ERROR",
  "costInPence" : 2600
}, {
  "orderNo" : "6617A184",
  "orderStatus" : "DELIVERED",
  "orderValidationCode" : "NO_ERROR",
  "costInPence" : 2400
}, {
  "orderNo" : "26766F70",
  "orderStatus" : "DELIVERED",
  "orderValidationCode" : "NO_ERROR",
  "costInPence" : 2400
}, {
  "orderNo" : "42D45256",
  "orderStatus" : "DELIVERED",
  "orderValidationCode" : "NO_ERROR",
  "costInPence" : 2400
}, {
  "orderNo" : "27B3ABFB",
  "orderStatus" : "DELIVERED",
  "orderValidationCode" : "NO_ERROR",
  "costInPence" : 2600
}, {
  "orderNo" : "039941B0",
  "orderStatus" : "DELIVERED",
  "orderValidationCode" : "NO_ERROR",
  "costInPence" : 2400
}, {
  "orderNo" : "416E56F4",
  "orderStatus" : "DELIVERED",
  "orderValidationCode" : "NO_ERROR",
  "costInPence" : 2400
}, {
  "orderNo" : "29163095",
  "orderStatus" : "DELIVERED",
  "orderValidationCode" : "NO_ERROR",
  "costInPence" : 2400
}, {
  "orderNo" : "61F95723",
  "orderStatus" : "DELIVERED",
  "orderValidationCode" : "NO_ERROR",
  "costInPence" : 2600
}, {
  "orderNo" : "53FC945B",
  "orderStatus" : "DELIVERED",
  "orderValidationCode" : "NO_ERROR",
  "costInPence" : 2400
}, {
  "orderNo" : "2F82DEE8",
  "orderStatus" : "DELIVERED",
  "orderValidationCode" : "NO_ERROR",
  "costInPence" : 2400
}, {
  "orderNo" : "40FCE423",
  "orderStatus" : "DELIVERED",
  "orderValidationCode" : "NO_ERROR",
  "costInPence" : 2400
}, {
  "orderNo" : "33C49BCA",
  "orderStatus" : "DELIVERED",
  "orderValidationCode" : "NO_ERROR",
  "costInPence" : 2600
}, {
  "orderNo" : "52B2006B",
  "orderStatus" : "DELIVERED",
  "orderValidationCode" : "NO_ERROR",
  "costInPence" : 2400
}, {
  "orderNo" : "1E5F12A3",
  "orderStatus" : "DELIVERED",
  "orderValidationCode" : "NO_ERROR",
  "costInPence" : 2400
}, {
  "orderNo" : "68287E23",
  "orderStatus" : "DELIVERED",
  "orderValidationCode" : "NO_ERROR",
  "costInPence" : 2400
}, {
  "orderNo" : "7154BAAA",
  "orderStatus" : "DELIVERED",
  "orderValidationCode" : "NO_ERROR",
  "costInPence" : 2600
}, {
  "orderNo" : "4541BBCC",
  "orderStatus" : "DELIVERED",
  "orderValidationCode" : "NO_ERROR",
  "costInPence" : 2400
}, {
  "orderNo" : "5C4826F2",
  "orderStatus" : "DELIVERED",
  "orderValidationCode" : "NO_ERROR",
  "costInPence" : 2400
}, {
  "orderNo" : "0E072FC7",
  "orderStatus" : "DELIVERED",
  "orderValidationCode" : "NO_ERROR",
  "costInPence" : 2400
}, {
  "orderNo" : "0AF21D5C",
  "orderStatus" : "DELIVERED",
  "orderValidationCode" : "NO_ERROR",
  "costInPence" : 2600
}, {
  "orderNo" : "6B366B7F",
  "orderStatus" : "DELIVERED",
  "orderValidationCode" : "NO_ERROR",
  "costInPence" : 2400
}, {
  "orderNo" : "22E55182",
  "orderStatus" : "DELIVERED",
  "orderValidationCode" : "NO_ERROR",
  "costInPence" : 2400
}, {
  "orderNo" : "0EC1B001",
  "orderStatus" : "DELIVERED",
  "orderValidationCode" : "NO_ERROR",
  "costInPence" : 2400
}, {
  "orderNo" : "2E68C13B",
  "orderStatus" : "DELIVERED",
  "orderValidationCode" : "NO_ERROR",
  "costInPence" : 2600
}, {
  "orderNo" : "5B74B749",
  "orderStatus" : "DELIVERED",
  "orderValidationCode" : "NO_ERROR",
  "costInPence" : 2400
} ]